# Name,,
R-CRAN-MASS,,
R-CRAN-Matrix,,
R-CRAN-MatrixModels,,
R-CRAN-ModelMetrics,,
R-CRAN-R6,,
R-CRAN-RColorBrewer,,
R-CRAN-Rcpp,,
R-CRAN-SQUAREM,,
R-CRAN-SparseM,,
R-CRAN-TTR,,
R-CRAN-abind,,
R-CRAN-backports,,
R-CRAN-bit,,
R-CRAN-bit64,,
R-CRAN-boot,,
R-CRAN-broom,,
R-CRAN-car,,
R-CRAN-carData,,
R-CRAN-caret,,
R-CRAN-cellranger,,
R-CRAN-class,,
R-CRAN-cli,,
R-CRAN-clipr,,
R-CRAN-codetools,,
R-CRAN-colorspace,,
R-CRAN-conquer,,
R-CRAN-crayon,,
R-CRAN-curl,,
R-CRAN-data,,
R-CRAN-digest,,
R-CRAN-dplyr,,
R-CRAN-e1071,,
R-CRAN-ellipsis,,
R-CRAN-evaluate,,
R-CRAN-fansi,,
R-CRAN-farver,,
R-CRAN-forcats,,
R-CRAN-foreach,,
R-CRAN-foreign,,
R-CRAN-future,,
R-CRAN-future,,
R-CRAN-generics,,
R-CRAN-ggplot2,,
R-CRAN-globals,,
R-CRAN-glue,,
R-CRAN-gower,,
R-CRAN-gtable,,
R-CRAN-haven,,
R-CRAN-highr,,
R-CRAN-hms,,
R-CRAN-ipred,,
R-CRAN-isoband,,
R-CRAN-iterators,,
R-CRAN-knitr,,
R-CRAN-labeling,,
R-CRAN-lattice,,
R-CRAN-lava,,
R-CRAN-lifecycle,,
R-CRAN-listenv,,
R-CRAN-lme4,,
R-CRAN-lubridate,,
R-CRAN-magrittr,,
R-CRAN-maptools,,
R-CRAN-matrixStats,,
R-CRAN-mgcv,,
R-CRAN-minqa,,
R-CRAN-munsell,,
R-CRAN-nlme,,
R-CRAN-nloptr,,
R-CRAN-nnet,,
R-CRAN-numDeriv,,
R-CRAN-openxlsx,,
R-CRAN-pROC,,
R-CRAN-parallelly,,
R-CRAN-pbkrtest,,
R-CRAN-pillar,,
R-CRAN-pkgconfig,,
R-CRAN-plotrix,,
R-CRAN-plyr,,
R-CRAN-prodlim,,
R-CRAN-progressr,,
R-CRAN-proxy,,
R-CRAN-purrr,,
R-CRAN-quadprog,,
R-CRAN-quantmod,,
R-CRAN-quantreg,,
R-CRAN-rdrobust,,
R-CRAN-readr,,
R-CRAN-readxl,,
R-CRAN-recipes,,
R-CRAN-rematch,,
R-CRAN-reshape2,,
R-CRAN-rio,,
R-CRAN-rlang,,
R-CRAN-rpart,,
R-CRAN-scales,,
R-CRAN-sp,,
R-CRAN-stringi,,
R-CRAN-stringr,,
R-CRAN-survival,,
R-CRAN-tibble,,
R-CRAN-tidyr,,
R-CRAN-tidyselect,,
R-CRAN-timeDate,,
R-CRAN-tseries,,
R-CRAN-tzdb,,
R-CRAN-utf8,,
R-CRAN-vctrs,,
R-CRAN-viridisLite,,
R-CRAN-vroom,,
R-CRAN-withr,,
R-CRAN-xfun,,
R-CRAN-xts,,
R-CRAN-yaml,,
R-CRAN-zip,,
R-CRAN-zoo,,
R-CRAN-tinytex,,
R-CRAN-rprojroot,,
R-CRAN-easypackages,,
R-CRAN-rmarkdown,,
R-CRAN-reticulate,,
R-CRAN-base64enc,,
R-CRAN-fastmap,,
R-CRAN-here,,
R-CRAN-htmltools,,
R-CRAN-jquerylib,,
R-CRAN-jsonlite,,
R-CRAN-png,,
R-CRAN-rappdirs,,
R-CRAN-writexl,,
R-CRAN-lmtest,,
R-CRAN-estimatr,,
R-CRAN-orcutt,,
R-CRAN-forecast,,
